{
	"partitions" : [
		{
			"name" : "Top",
			"pins" : [
				{
					"name" : "Instruction_Out[0]",
					"strict" : false
				},
				{
					"name" : "Instruction_Out[1]",
					"strict" : false
				},
				{
					"name" : "Instruction_Out[2]",
					"strict" : false
				},
				{
					"name" : "Instruction_Out[3]",
					"strict" : false
				},
				{
					"name" : "Instruction_Out[4]",
					"strict" : false
				},
				{
					"name" : "Instruction_Out[5]",
					"strict" : false
				},
				{
					"name" : "Instruction_Out[6]",
					"strict" : false
				},
				{
					"name" : "Instruction_Out[7]",
					"strict" : false
				},
				{
					"name" : "Instruction_Out[8]",
					"strict" : false
				},
				{
					"name" : "Instruction_Out[9]",
					"strict" : false
				},
				{
					"name" : "Instruction_Out[10]",
					"strict" : false
				},
				{
					"name" : "Instruction_Out[11]",
					"strict" : false
				},
				{
					"name" : "Instruction_Out[12]",
					"strict" : false
				},
				{
					"name" : "Instruction_Out[13]",
					"strict" : false
				},
				{
					"name" : "Instruction_Out[14]",
					"strict" : false
				},
				{
					"name" : "Instruction_Out[15]",
					"strict" : false
				},
				{
					"name" : "Instruction_Out[16]",
					"strict" : false
				},
				{
					"name" : "Instruction_Out[17]",
					"strict" : false
				},
				{
					"name" : "Instruction_Out[18]",
					"strict" : false
				},
				{
					"name" : "Instruction_Out[19]",
					"strict" : false
				},
				{
					"name" : "Instruction_Out[20]",
					"strict" : false
				},
				{
					"name" : "Instruction_Out[21]",
					"strict" : false
				},
				{
					"name" : "Instruction_Out[22]",
					"strict" : false
				},
				{
					"name" : "Instruction_Out[23]",
					"strict" : false
				},
				{
					"name" : "Instruction_Out[24]",
					"strict" : false
				},
				{
					"name" : "Instruction_Out[25]",
					"strict" : false
				},
				{
					"name" : "Instruction_Out[26]",
					"strict" : false
				},
				{
					"name" : "Instruction_Out[27]",
					"strict" : false
				},
				{
					"name" : "Instruction_Out[28]",
					"strict" : false
				},
				{
					"name" : "Instruction_Out[29]",
					"strict" : false
				},
				{
					"name" : "Instruction_Out[30]",
					"strict" : false
				},
				{
					"name" : "Instruction_Out[31]",
					"strict" : false
				},
				{
					"name" : "Read_Data1_Out[0]",
					"strict" : false
				},
				{
					"name" : "Read_Data1_Out[1]",
					"strict" : false
				},
				{
					"name" : "Read_Data1_Out[2]",
					"strict" : false
				},
				{
					"name" : "Read_Data1_Out[3]",
					"strict" : false
				},
				{
					"name" : "Read_Data1_Out[4]",
					"strict" : false
				},
				{
					"name" : "Read_Data1_Out[5]",
					"strict" : false
				},
				{
					"name" : "Read_Data1_Out[6]",
					"strict" : false
				},
				{
					"name" : "Read_Data1_Out[7]",
					"strict" : false
				},
				{
					"name" : "Read_Data1_Out[8]",
					"strict" : false
				},
				{
					"name" : "Read_Data1_Out[9]",
					"strict" : false
				},
				{
					"name" : "Read_Data1_Out[10]",
					"strict" : false
				},
				{
					"name" : "Read_Data1_Out[11]",
					"strict" : false
				},
				{
					"name" : "Read_Data1_Out[12]",
					"strict" : false
				},
				{
					"name" : "Read_Data1_Out[13]",
					"strict" : false
				},
				{
					"name" : "Read_Data1_Out[14]",
					"strict" : false
				},
				{
					"name" : "Read_Data1_Out[15]",
					"strict" : false
				},
				{
					"name" : "Read_Data1_Out[16]",
					"strict" : false
				},
				{
					"name" : "Read_Data1_Out[17]",
					"strict" : false
				},
				{
					"name" : "Read_Data1_Out[18]",
					"strict" : false
				},
				{
					"name" : "Read_Data1_Out[19]",
					"strict" : false
				},
				{
					"name" : "Read_Data1_Out[20]",
					"strict" : false
				},
				{
					"name" : "Read_Data1_Out[21]",
					"strict" : false
				},
				{
					"name" : "Read_Data1_Out[22]",
					"strict" : false
				},
				{
					"name" : "Read_Data1_Out[23]",
					"strict" : false
				},
				{
					"name" : "Read_Data1_Out[24]",
					"strict" : false
				},
				{
					"name" : "Read_Data1_Out[25]",
					"strict" : false
				},
				{
					"name" : "Read_Data1_Out[26]",
					"strict" : false
				},
				{
					"name" : "Read_Data1_Out[27]",
					"strict" : false
				},
				{
					"name" : "Read_Data1_Out[28]",
					"strict" : false
				},
				{
					"name" : "Read_Data1_Out[29]",
					"strict" : false
				},
				{
					"name" : "Read_Data1_Out[30]",
					"strict" : false
				},
				{
					"name" : "Read_Data1_Out[31]",
					"strict" : false
				},
				{
					"name" : "Read_Data2_Out[0]",
					"strict" : false
				},
				{
					"name" : "Read_Data2_Out[1]",
					"strict" : false
				},
				{
					"name" : "Read_Data2_Out[2]",
					"strict" : false
				},
				{
					"name" : "Read_Data2_Out[3]",
					"strict" : false
				},
				{
					"name" : "Read_Data2_Out[4]",
					"strict" : false
				},
				{
					"name" : "Read_Data2_Out[5]",
					"strict" : false
				},
				{
					"name" : "Read_Data2_Out[6]",
					"strict" : false
				},
				{
					"name" : "Read_Data2_Out[7]",
					"strict" : false
				},
				{
					"name" : "Read_Data2_Out[8]",
					"strict" : false
				},
				{
					"name" : "Read_Data2_Out[9]",
					"strict" : false
				},
				{
					"name" : "Read_Data2_Out[10]",
					"strict" : false
				},
				{
					"name" : "Read_Data2_Out[11]",
					"strict" : false
				},
				{
					"name" : "Read_Data2_Out[12]",
					"strict" : false
				},
				{
					"name" : "Read_Data2_Out[13]",
					"strict" : false
				},
				{
					"name" : "Read_Data2_Out[14]",
					"strict" : false
				},
				{
					"name" : "Read_Data2_Out[15]",
					"strict" : false
				},
				{
					"name" : "Read_Data2_Out[16]",
					"strict" : false
				},
				{
					"name" : "Read_Data2_Out[17]",
					"strict" : false
				},
				{
					"name" : "Read_Data2_Out[18]",
					"strict" : false
				},
				{
					"name" : "Read_Data2_Out[19]",
					"strict" : false
				},
				{
					"name" : "Read_Data2_Out[20]",
					"strict" : false
				},
				{
					"name" : "Read_Data2_Out[21]",
					"strict" : false
				},
				{
					"name" : "Read_Data2_Out[22]",
					"strict" : false
				},
				{
					"name" : "Read_Data2_Out[23]",
					"strict" : false
				},
				{
					"name" : "Read_Data2_Out[24]",
					"strict" : false
				},
				{
					"name" : "Read_Data2_Out[25]",
					"strict" : false
				},
				{
					"name" : "Read_Data2_Out[26]",
					"strict" : false
				},
				{
					"name" : "Read_Data2_Out[27]",
					"strict" : false
				},
				{
					"name" : "Read_Data2_Out[28]",
					"strict" : false
				},
				{
					"name" : "Read_Data2_Out[29]",
					"strict" : false
				},
				{
					"name" : "Read_Data2_Out[30]",
					"strict" : false
				},
				{
					"name" : "Read_Data2_Out[31]",
					"strict" : false
				},
				{
					"name" : "ALU_Result_Out[0]",
					"strict" : false
				},
				{
					"name" : "ALU_Result_Out[1]",
					"strict" : false
				},
				{
					"name" : "ALU_Result_Out[2]",
					"strict" : false
				},
				{
					"name" : "ALU_Result_Out[3]",
					"strict" : false
				},
				{
					"name" : "ALU_Result_Out[4]",
					"strict" : false
				},
				{
					"name" : "ALU_Result_Out[5]",
					"strict" : false
				},
				{
					"name" : "ALU_Result_Out[6]",
					"strict" : false
				},
				{
					"name" : "ALU_Result_Out[7]",
					"strict" : false
				},
				{
					"name" : "ALU_Result_Out[8]",
					"strict" : false
				},
				{
					"name" : "ALU_Result_Out[9]",
					"strict" : false
				},
				{
					"name" : "ALU_Result_Out[10]",
					"strict" : false
				},
				{
					"name" : "ALU_Result_Out[11]",
					"strict" : false
				},
				{
					"name" : "ALU_Result_Out[12]",
					"strict" : false
				},
				{
					"name" : "ALU_Result_Out[13]",
					"strict" : false
				},
				{
					"name" : "ALU_Result_Out[14]",
					"strict" : false
				},
				{
					"name" : "ALU_Result_Out[15]",
					"strict" : false
				},
				{
					"name" : "ALU_Result_Out[16]",
					"strict" : false
				},
				{
					"name" : "ALU_Result_Out[17]",
					"strict" : false
				},
				{
					"name" : "ALU_Result_Out[18]",
					"strict" : false
				},
				{
					"name" : "ALU_Result_Out[19]",
					"strict" : false
				},
				{
					"name" : "ALU_Result_Out[20]",
					"strict" : false
				},
				{
					"name" : "ALU_Result_Out[21]",
					"strict" : false
				},
				{
					"name" : "ALU_Result_Out[22]",
					"strict" : false
				},
				{
					"name" : "ALU_Result_Out[23]",
					"strict" : false
				},
				{
					"name" : "ALU_Result_Out[24]",
					"strict" : false
				},
				{
					"name" : "ALU_Result_Out[25]",
					"strict" : false
				},
				{
					"name" : "ALU_Result_Out[26]",
					"strict" : false
				},
				{
					"name" : "ALU_Result_Out[27]",
					"strict" : false
				},
				{
					"name" : "ALU_Result_Out[28]",
					"strict" : false
				},
				{
					"name" : "ALU_Result_Out[29]",
					"strict" : false
				},
				{
					"name" : "ALU_Result_Out[30]",
					"strict" : false
				},
				{
					"name" : "ALU_Result_Out[31]",
					"strict" : false
				},
				{
					"name" : "RegDst_Out_Main",
					"strict" : false
				},
				{
					"name" : "ALUSrc_Out_Main",
					"strict" : false
				},
				{
					"name" : "MemtoReg_Out_Main",
					"strict" : false
				},
				{
					"name" : "RegWrite_Out_Main",
					"strict" : false
				},
				{
					"name" : "MemRead_Out_Main",
					"strict" : false
				},
				{
					"name" : "MemWrite_Out_Main",
					"strict" : false
				},
				{
					"name" : "Branch_Out_Main",
					"strict" : false
				},
				{
					"name" : "PC_Out_Main[0]",
					"strict" : false
				},
				{
					"name" : "PC_Out_Main[1]",
					"strict" : false
				},
				{
					"name" : "PC_Out_Main[2]",
					"strict" : false
				},
				{
					"name" : "PC_Out_Main[3]",
					"strict" : false
				},
				{
					"name" : "PC_Out_Main[4]",
					"strict" : false
				},
				{
					"name" : "PC_Out_Main[5]",
					"strict" : false
				},
				{
					"name" : "PC_Out_Main[6]",
					"strict" : false
				},
				{
					"name" : "PC_Out_Main[7]",
					"strict" : false
				},
				{
					"name" : "PC_Out_Main[8]",
					"strict" : false
				},
				{
					"name" : "PC_Out_Main[9]",
					"strict" : false
				},
				{
					"name" : "PC_Out_Main[10]",
					"strict" : false
				},
				{
					"name" : "PC_Out_Main[11]",
					"strict" : false
				},
				{
					"name" : "PC_Out_Main[12]",
					"strict" : false
				},
				{
					"name" : "PC_Out_Main[13]",
					"strict" : false
				},
				{
					"name" : "PC_Out_Main[14]",
					"strict" : false
				},
				{
					"name" : "PC_Out_Main[15]",
					"strict" : false
				},
				{
					"name" : "PC_Out_Main[16]",
					"strict" : false
				},
				{
					"name" : "PC_Out_Main[17]",
					"strict" : false
				},
				{
					"name" : "PC_Out_Main[18]",
					"strict" : false
				},
				{
					"name" : "PC_Out_Main[19]",
					"strict" : false
				},
				{
					"name" : "PC_Out_Main[20]",
					"strict" : false
				},
				{
					"name" : "PC_Out_Main[21]",
					"strict" : false
				},
				{
					"name" : "PC_Out_Main[22]",
					"strict" : false
				},
				{
					"name" : "PC_Out_Main[23]",
					"strict" : false
				},
				{
					"name" : "PC_Out_Main[24]",
					"strict" : false
				},
				{
					"name" : "PC_Out_Main[25]",
					"strict" : false
				},
				{
					"name" : "PC_Out_Main[26]",
					"strict" : false
				},
				{
					"name" : "PC_Out_Main[27]",
					"strict" : false
				},
				{
					"name" : "PC_Out_Main[28]",
					"strict" : false
				},
				{
					"name" : "PC_Out_Main[29]",
					"strict" : false
				},
				{
					"name" : "PC_Out_Main[30]",
					"strict" : false
				},
				{
					"name" : "DM_Out_Main[0]",
					"strict" : false
				},
				{
					"name" : "DM_Out_Main[1]",
					"strict" : false
				},
				{
					"name" : "DM_Out_Main[2]",
					"strict" : false
				},
				{
					"name" : "DM_Out_Main[3]",
					"strict" : false
				},
				{
					"name" : "DM_Out_Main[4]",
					"strict" : false
				},
				{
					"name" : "DM_Out_Main[5]",
					"strict" : false
				},
				{
					"name" : "DM_Out_Main[6]",
					"strict" : false
				},
				{
					"name" : "DM_Out_Main[7]",
					"strict" : false
				},
				{
					"name" : "DM_Out_Main[8]",
					"strict" : false
				},
				{
					"name" : "DM_Out_Main[9]",
					"strict" : false
				},
				{
					"name" : "DM_Out_Main[10]",
					"strict" : false
				},
				{
					"name" : "DM_Out_Main[11]",
					"strict" : false
				},
				{
					"name" : "DM_Out_Main[12]",
					"strict" : false
				},
				{
					"name" : "DM_Out_Main[13]",
					"strict" : false
				},
				{
					"name" : "DM_Out_Main[14]",
					"strict" : false
				},
				{
					"name" : "DM_Out_Main[15]",
					"strict" : false
				},
				{
					"name" : "DM_Out_Main[16]",
					"strict" : false
				},
				{
					"name" : "DM_Out_Main[17]",
					"strict" : false
				},
				{
					"name" : "DM_Out_Main[18]",
					"strict" : false
				},
				{
					"name" : "DM_Out_Main[19]",
					"strict" : false
				},
				{
					"name" : "DM_Out_Main[20]",
					"strict" : false
				},
				{
					"name" : "DM_Out_Main[21]",
					"strict" : false
				},
				{
					"name" : "DM_Out_Main[22]",
					"strict" : false
				},
				{
					"name" : "DM_Out_Main[23]",
					"strict" : false
				},
				{
					"name" : "DM_Out_Main[24]",
					"strict" : false
				},
				{
					"name" : "DM_Out_Main[25]",
					"strict" : false
				},
				{
					"name" : "DM_Out_Main[26]",
					"strict" : false
				},
				{
					"name" : "DM_Out_Main[27]",
					"strict" : false
				},
				{
					"name" : "DM_Out_Main[28]",
					"strict" : false
				},
				{
					"name" : "DM_Out_Main[29]",
					"strict" : false
				},
				{
					"name" : "DM_Out_Main[30]",
					"strict" : false
				},
				{
					"name" : "DM_Out_Main[31]",
					"strict" : false
				},
				{
					"name" : "ALU_R_Out_Main[0]",
					"strict" : false
				},
				{
					"name" : "ALU_R_Out_Main[1]",
					"strict" : false
				},
				{
					"name" : "ALU_R_Out_Main[2]",
					"strict" : false
				},
				{
					"name" : "ALU_R_Out_Main[3]",
					"strict" : false
				},
				{
					"name" : "ALU_R_Out_Main[4]",
					"strict" : false
				},
				{
					"name" : "ALU_R_Out_Main[5]",
					"strict" : false
				},
				{
					"name" : "ALU_R_Out_Main[6]",
					"strict" : false
				},
				{
					"name" : "ALU_R_Out_Main[7]",
					"strict" : false
				},
				{
					"name" : "ALU_R_Out_Main[8]",
					"strict" : false
				},
				{
					"name" : "ALU_R_Out_Main[9]",
					"strict" : false
				},
				{
					"name" : "ALU_R_Out_Main[10]",
					"strict" : false
				},
				{
					"name" : "ALU_R_Out_Main[11]",
					"strict" : false
				},
				{
					"name" : "ALU_R_Out_Main[12]",
					"strict" : false
				},
				{
					"name" : "ALU_R_Out_Main[13]",
					"strict" : false
				},
				{
					"name" : "ALU_R_Out_Main[14]",
					"strict" : false
				},
				{
					"name" : "ALU_R_Out_Main[15]",
					"strict" : false
				},
				{
					"name" : "ALU_R_Out_Main[16]",
					"strict" : false
				},
				{
					"name" : "ALU_R_Out_Main[17]",
					"strict" : false
				},
				{
					"name" : "ALU_R_Out_Main[18]",
					"strict" : false
				},
				{
					"name" : "ALU_R_Out_Main[19]",
					"strict" : false
				},
				{
					"name" : "ALU_R_Out_Main[20]",
					"strict" : false
				},
				{
					"name" : "ALU_R_Out_Main[21]",
					"strict" : false
				},
				{
					"name" : "ALU_R_Out_Main[22]",
					"strict" : false
				},
				{
					"name" : "ALU_R_Out_Main[23]",
					"strict" : false
				},
				{
					"name" : "ALU_R_Out_Main[24]",
					"strict" : false
				},
				{
					"name" : "ALU_R_Out_Main[25]",
					"strict" : false
				},
				{
					"name" : "ALU_R_Out_Main[26]",
					"strict" : false
				},
				{
					"name" : "ALU_R_Out_Main[27]",
					"strict" : false
				},
				{
					"name" : "ALU_R_Out_Main[28]",
					"strict" : false
				},
				{
					"name" : "ALU_R_Out_Main[29]",
					"strict" : false
				},
				{
					"name" : "ALU_R_Out_Main[30]",
					"strict" : false
				},
				{
					"name" : "ALU_R_Out_Main[31]",
					"strict" : false
				},
				{
					"name" : "Write_Data_Main[0]",
					"strict" : false
				},
				{
					"name" : "Write_Data_Main[1]",
					"strict" : false
				},
				{
					"name" : "Write_Data_Main[2]",
					"strict" : false
				},
				{
					"name" : "Write_Data_Main[3]",
					"strict" : false
				},
				{
					"name" : "Write_Data_Main[4]",
					"strict" : false
				},
				{
					"name" : "Write_Data_Main[5]",
					"strict" : false
				},
				{
					"name" : "Write_Data_Main[6]",
					"strict" : false
				},
				{
					"name" : "Write_Data_Main[7]",
					"strict" : false
				},
				{
					"name" : "Write_Data_Main[8]",
					"strict" : false
				},
				{
					"name" : "Write_Data_Main[9]",
					"strict" : false
				},
				{
					"name" : "Write_Data_Main[10]",
					"strict" : false
				},
				{
					"name" : "Write_Data_Main[11]",
					"strict" : false
				},
				{
					"name" : "Write_Data_Main[12]",
					"strict" : false
				},
				{
					"name" : "Write_Data_Main[13]",
					"strict" : false
				},
				{
					"name" : "Write_Data_Main[14]",
					"strict" : false
				},
				{
					"name" : "Write_Data_Main[15]",
					"strict" : false
				},
				{
					"name" : "Write_Data_Main[16]",
					"strict" : false
				},
				{
					"name" : "Write_Data_Main[17]",
					"strict" : false
				},
				{
					"name" : "Write_Data_Main[18]",
					"strict" : false
				},
				{
					"name" : "Write_Data_Main[19]",
					"strict" : false
				},
				{
					"name" : "Write_Data_Main[20]",
					"strict" : false
				},
				{
					"name" : "Write_Data_Main[21]",
					"strict" : false
				},
				{
					"name" : "Write_Data_Main[22]",
					"strict" : false
				},
				{
					"name" : "Write_Data_Main[23]",
					"strict" : false
				},
				{
					"name" : "Write_Data_Main[24]",
					"strict" : false
				},
				{
					"name" : "Write_Data_Main[25]",
					"strict" : false
				},
				{
					"name" : "Write_Data_Main[26]",
					"strict" : false
				},
				{
					"name" : "Write_Data_Main[27]",
					"strict" : false
				},
				{
					"name" : "Write_Data_Main[28]",
					"strict" : false
				},
				{
					"name" : "Write_Data_Main[29]",
					"strict" : false
				},
				{
					"name" : "Write_Data_Main[30]",
					"strict" : false
				},
				{
					"name" : "Write_Data_Main[31]",
					"strict" : false
				},
				{
					"name" : "Write_Register_Main[0]",
					"strict" : false
				},
				{
					"name" : "Write_Register_Main[1]",
					"strict" : false
				},
				{
					"name" : "Write_Register_Main[2]",
					"strict" : false
				},
				{
					"name" : "Write_Register_Main[3]",
					"strict" : false
				},
				{
					"name" : "Write_Register_Main[4]",
					"strict" : false
				},
				{
					"name" : "Clock",
					"strict" : false
				},
				{
					"name" : "Clear",
					"strict" : false
				}
			]
		}
	]
}