{
	"partitions" : [
		{
			"name" : "Top",
			"pins" : [
				{
					"name" : "Iout[0]",
					"strict" : false
				},
				{
					"name" : "Iout[1]",
					"strict" : false
				},
				{
					"name" : "Iout[2]",
					"strict" : false
				},
				{
					"name" : "Iout[3]",
					"strict" : false
				},
				{
					"name" : "Iout[4]",
					"strict" : false
				},
				{
					"name" : "Iout[5]",
					"strict" : false
				},
				{
					"name" : "Iout[6]",
					"strict" : false
				},
				{
					"name" : "Iout[7]",
					"strict" : false
				},
				{
					"name" : "Iout[8]",
					"strict" : false
				},
				{
					"name" : "Iout[9]",
					"strict" : false
				},
				{
					"name" : "Iout[10]",
					"strict" : false
				},
				{
					"name" : "Iout[11]",
					"strict" : false
				},
				{
					"name" : "Iout[12]",
					"strict" : false
				},
				{
					"name" : "Iout[13]",
					"strict" : false
				},
				{
					"name" : "Iout[14]",
					"strict" : false
				},
				{
					"name" : "Iout[15]",
					"strict" : false
				},
				{
					"name" : "Iout[16]",
					"strict" : false
				},
				{
					"name" : "Iout[17]",
					"strict" : false
				},
				{
					"name" : "Iout[18]",
					"strict" : false
				},
				{
					"name" : "Iout[19]",
					"strict" : false
				},
				{
					"name" : "Iout[20]",
					"strict" : false
				},
				{
					"name" : "Iout[21]",
					"strict" : false
				},
				{
					"name" : "Iout[22]",
					"strict" : false
				},
				{
					"name" : "Iout[23]",
					"strict" : false
				},
				{
					"name" : "Iout[24]",
					"strict" : false
				},
				{
					"name" : "Iout[25]",
					"strict" : false
				},
				{
					"name" : "Iout[26]",
					"strict" : false
				},
				{
					"name" : "Iout[27]",
					"strict" : false
				},
				{
					"name" : "Iout[28]",
					"strict" : false
				},
				{
					"name" : "Iout[29]",
					"strict" : false
				},
				{
					"name" : "Iout[30]",
					"strict" : false
				},
				{
					"name" : "Iout[31]",
					"strict" : false
				},
				{
					"name" : "RD1[0]",
					"strict" : false
				},
				{
					"name" : "RD1[1]",
					"strict" : false
				},
				{
					"name" : "RD1[2]",
					"strict" : false
				},
				{
					"name" : "RD1[3]",
					"strict" : false
				},
				{
					"name" : "RD1[4]",
					"strict" : false
				},
				{
					"name" : "RD1[5]",
					"strict" : false
				},
				{
					"name" : "RD1[6]",
					"strict" : false
				},
				{
					"name" : "RD1[7]",
					"strict" : false
				},
				{
					"name" : "RD1[8]",
					"strict" : false
				},
				{
					"name" : "RD1[9]",
					"strict" : false
				},
				{
					"name" : "RD1[10]",
					"strict" : false
				},
				{
					"name" : "RD1[11]",
					"strict" : false
				},
				{
					"name" : "RD1[12]",
					"strict" : false
				},
				{
					"name" : "RD1[13]",
					"strict" : false
				},
				{
					"name" : "RD1[14]",
					"strict" : false
				},
				{
					"name" : "RD1[15]",
					"strict" : false
				},
				{
					"name" : "RD1[16]",
					"strict" : false
				},
				{
					"name" : "RD1[17]",
					"strict" : false
				},
				{
					"name" : "RD1[18]",
					"strict" : false
				},
				{
					"name" : "RD1[19]",
					"strict" : false
				},
				{
					"name" : "RD1[20]",
					"strict" : false
				},
				{
					"name" : "RD1[21]",
					"strict" : false
				},
				{
					"name" : "RD1[22]",
					"strict" : false
				},
				{
					"name" : "RD1[23]",
					"strict" : false
				},
				{
					"name" : "RD1[24]",
					"strict" : false
				},
				{
					"name" : "RD1[25]",
					"strict" : false
				},
				{
					"name" : "RD1[26]",
					"strict" : false
				},
				{
					"name" : "RD1[27]",
					"strict" : false
				},
				{
					"name" : "RD1[28]",
					"strict" : false
				},
				{
					"name" : "RD1[29]",
					"strict" : false
				},
				{
					"name" : "RD1[30]",
					"strict" : false
				},
				{
					"name" : "RD1[31]",
					"strict" : false
				},
				{
					"name" : "RD2[0]",
					"strict" : false
				},
				{
					"name" : "RD2[1]",
					"strict" : false
				},
				{
					"name" : "RD2[2]",
					"strict" : false
				},
				{
					"name" : "RD2[3]",
					"strict" : false
				},
				{
					"name" : "RD2[4]",
					"strict" : false
				},
				{
					"name" : "RD2[5]",
					"strict" : false
				},
				{
					"name" : "RD2[6]",
					"strict" : false
				},
				{
					"name" : "RD2[7]",
					"strict" : false
				},
				{
					"name" : "RD2[8]",
					"strict" : false
				},
				{
					"name" : "RD2[9]",
					"strict" : false
				},
				{
					"name" : "RD2[10]",
					"strict" : false
				},
				{
					"name" : "RD2[11]",
					"strict" : false
				},
				{
					"name" : "RD2[12]",
					"strict" : false
				},
				{
					"name" : "RD2[13]",
					"strict" : false
				},
				{
					"name" : "RD2[14]",
					"strict" : false
				},
				{
					"name" : "RD2[15]",
					"strict" : false
				},
				{
					"name" : "RD2[16]",
					"strict" : false
				},
				{
					"name" : "RD2[17]",
					"strict" : false
				},
				{
					"name" : "RD2[18]",
					"strict" : false
				},
				{
					"name" : "RD2[19]",
					"strict" : false
				},
				{
					"name" : "RD2[20]",
					"strict" : false
				},
				{
					"name" : "RD2[21]",
					"strict" : false
				},
				{
					"name" : "RD2[22]",
					"strict" : false
				},
				{
					"name" : "RD2[23]",
					"strict" : false
				},
				{
					"name" : "RD2[24]",
					"strict" : false
				},
				{
					"name" : "RD2[25]",
					"strict" : false
				},
				{
					"name" : "RD2[26]",
					"strict" : false
				},
				{
					"name" : "RD2[27]",
					"strict" : false
				},
				{
					"name" : "RD2[28]",
					"strict" : false
				},
				{
					"name" : "RD2[29]",
					"strict" : false
				},
				{
					"name" : "RD2[30]",
					"strict" : false
				},
				{
					"name" : "RD2[31]",
					"strict" : false
				},
				{
					"name" : "RLO[0]",
					"strict" : false
				},
				{
					"name" : "RLO[1]",
					"strict" : false
				},
				{
					"name" : "RLO[2]",
					"strict" : false
				},
				{
					"name" : "RLO[3]",
					"strict" : false
				},
				{
					"name" : "RLO[4]",
					"strict" : false
				},
				{
					"name" : "RLO[5]",
					"strict" : false
				},
				{
					"name" : "RLO[6]",
					"strict" : false
				},
				{
					"name" : "RLO[7]",
					"strict" : false
				},
				{
					"name" : "RLO[8]",
					"strict" : false
				},
				{
					"name" : "RLO[9]",
					"strict" : false
				},
				{
					"name" : "RLO[10]",
					"strict" : false
				},
				{
					"name" : "RLO[11]",
					"strict" : false
				},
				{
					"name" : "RLO[12]",
					"strict" : false
				},
				{
					"name" : "RLO[13]",
					"strict" : false
				},
				{
					"name" : "RLO[14]",
					"strict" : false
				},
				{
					"name" : "RLO[15]",
					"strict" : false
				},
				{
					"name" : "RLO[16]",
					"strict" : false
				},
				{
					"name" : "RLO[17]",
					"strict" : false
				},
				{
					"name" : "RLO[18]",
					"strict" : false
				},
				{
					"name" : "RLO[19]",
					"strict" : false
				},
				{
					"name" : "RLO[20]",
					"strict" : false
				},
				{
					"name" : "RLO[21]",
					"strict" : false
				},
				{
					"name" : "RLO[22]",
					"strict" : false
				},
				{
					"name" : "RLO[23]",
					"strict" : false
				},
				{
					"name" : "RLO[24]",
					"strict" : false
				},
				{
					"name" : "RLO[25]",
					"strict" : false
				},
				{
					"name" : "RLO[26]",
					"strict" : false
				},
				{
					"name" : "RLO[27]",
					"strict" : false
				},
				{
					"name" : "RLO[28]",
					"strict" : false
				},
				{
					"name" : "RLO[29]",
					"strict" : false
				},
				{
					"name" : "RLO[30]",
					"strict" : false
				},
				{
					"name" : "RLO[31]",
					"strict" : false
				},
				{
					"name" : "ALUOpOut[0]",
					"strict" : false
				},
				{
					"name" : "ALUOpOut[1]",
					"strict" : false
				},
				{
					"name" : "ALUOpOut[2]",
					"strict" : false
				},
				{
					"name" : "RegDstOut",
					"strict" : false
				},
				{
					"name" : "ALUSrcOut",
					"strict" : false
				},
				{
					"name" : "MemtoRegOut",
					"strict" : false
				},
				{
					"name" : "RegWriteOut",
					"strict" : false
				},
				{
					"name" : "MemReadOut",
					"strict" : false
				},
				{
					"name" : "MemWriteOut",
					"strict" : false
				},
				{
					"name" : "BranchOut",
					"strict" : false
				},
				{
					"name" : "POut[0]",
					"strict" : false
				},
				{
					"name" : "POut[1]",
					"strict" : false
				},
				{
					"name" : "POut[2]",
					"strict" : false
				},
				{
					"name" : "POut[3]",
					"strict" : false
				},
				{
					"name" : "POut[4]",
					"strict" : false
				},
				{
					"name" : "POut[5]",
					"strict" : false
				},
				{
					"name" : "POut[6]",
					"strict" : false
				},
				{
					"name" : "POut[7]",
					"strict" : false
				},
				{
					"name" : "POut[8]",
					"strict" : false
				},
				{
					"name" : "POut[9]",
					"strict" : false
				},
				{
					"name" : "POut[10]",
					"strict" : false
				},
				{
					"name" : "POut[11]",
					"strict" : false
				},
				{
					"name" : "POut[12]",
					"strict" : false
				},
				{
					"name" : "POut[13]",
					"strict" : false
				},
				{
					"name" : "POut[14]",
					"strict" : false
				},
				{
					"name" : "POut[15]",
					"strict" : false
				},
				{
					"name" : "POut[16]",
					"strict" : false
				},
				{
					"name" : "POut[17]",
					"strict" : false
				},
				{
					"name" : "POut[18]",
					"strict" : false
				},
				{
					"name" : "POut[19]",
					"strict" : false
				},
				{
					"name" : "POut[20]",
					"strict" : false
				},
				{
					"name" : "POut[21]",
					"strict" : false
				},
				{
					"name" : "POut[22]",
					"strict" : false
				},
				{
					"name" : "POut[23]",
					"strict" : false
				},
				{
					"name" : "POut[24]",
					"strict" : false
				},
				{
					"name" : "POut[25]",
					"strict" : false
				},
				{
					"name" : "POut[26]",
					"strict" : false
				},
				{
					"name" : "POut[27]",
					"strict" : false
				},
				{
					"name" : "POut[28]",
					"strict" : false
				},
				{
					"name" : "POut[29]",
					"strict" : false
				},
				{
					"name" : "POut[30]",
					"strict" : false
				},
				{
					"name" : "Clock",
					"strict" : false
				},
				{
					"name" : "Clear",
					"strict" : false
				}
			]
		}
	]
}